Ticker,BH,MDD,R2,Slope,AC5,Align,HitUp,HitDn,UDgap,nUp,nDn,Name,Sector,MCap,MomGap,HoldFit,TimingEdge,Type,Lean,종목구분,섹터구분,구획,추세성,방향,유형3,섹터성격,종목성격,셀4,섹터medR2,추세타이밍_정밀
000100,-32.161687170474515,-46.68630338733431,0.3834898867459303,-0.0009083096789042,-0.0868063053020505,0.5370370370370371,0.4035087719298245,0.3904761904761905,0.7773248038157266,57,105,유한양행,생활.제약,60851,1.303258145363401,-1.0468902855618205,-0.3495090579113868,저신호(애매),-0.6973812276504336,타이밍,타이밍,타이밍-타이밍,타이밍형,우하향,타이밍형,타이밍,타이밍,타이밍-타이밍,0.6458,False
000150,524.7116968698517,-28.9151157512483,0.876498236536059,0.0049115392972708,0.0530761452193853,0.5369458128078818,0.6035502958579881,0.7647058823529411,0.3052484980730852,169,34,두산,반도체장비,262502,-16.1155586494953,0.9639452629339914,-0.6505272198944758,홀드형(추세추종),1.6144724828284671,홀드,홀드,홀드-홀드,추세형,우상향,추세형-우상향,추세,추세,추세-추세,0.8806,False
000250,85.85643212508884,-79.8141891891892,0.645764151016635,0.0054221375324212,0.196059079543734,0.6432748538011696,0.6033057851239669,0.26,18.730847978360977,121,50,삼천당제약,생활.제약,61693,34.33057851239669,-1.708858046634938,0.6302403382474124,타이밍형(기술분석유효),-2.3390983848823503,타이밍,타이밍,타이밍-타이밍,타이밍형,우상향,타이밍형,타이밍,타이밍,타이밍-타이밍,0.6458,False
000270,84.51327433628319,-29.51456310679612,0.8747266309531141,0.0026472494160687,-0.3039964221035229,0.5384615384615384,0.6134969325153374,0.84375,-2.890385702759657,163,32,기아,자동차,609044,-23.025306748466257,0.3004211824605958,-0.3257721032125151,홀드형(추세추종),0.6261932856731109,홀드,홀드,홀드-홀드,추세형,우상향,추세형-우상향,추세,추세,추세-추세,0.7938,False
000500,317.910447761194,-55.319148936170215,0.593480159711843,0.0053061528461591,0.3588042089962389,0.4095744680851064,0.4285714285714285,0.6181818181818182,-4.368807667283581,133,55,가온전선,에너지.전송,53600,-18.96103896103897,-0.5863131022200299,0.0343946548475873,타이밍형(기술분석유효),-0.6207077570676172,타이밍,홀드,홀드-타이밍,타이밍형,우상향,타이밍형,추세,타이밍,추세-타이밍,0.8946,False
000660,1111.2676056338028,-26.56960873521384,0.9551333117094168,0.0086750321678626,-0.1792294752402114,0.6381909547738693,0.7134831460674157,1.0,-7.820670495003301,178,21,SK하이닉스,반도체,14973877,-28.65168539325843,1.5522464577944408,0.0446262759668705,혼합형,1.5076201818275703,홀드,홀드,홀드-홀드,추세형,우상향,추세형-우상향,추세,추세,추세-추세,0.9604,False
000720,278.6057692307692,-38.26179120296768,0.7226074255318999,0.0045212531302764,0.0621486691264969,0.5818965517241379,0.5562130177514792,0.3492063492063492,7.527933453174018,169,63,현대건설,에너지.생산,136634,20.70066685451301,0.0997005544270737,-0.2669233278795595,홀드형(추세추종),0.3666238823066332,홀드,홀드,홀드-홀드,추세형,우상향,추세형-우상향,추세,추세,추세-추세,0.714,False
000810,74.63284379172231,-30.079365079365083,0.5375378260568232,0.0010423736734097,-0.2676394668298488,0.4388888888888889,0.4869565217391304,0.6153846153846154,-3.179078915433675,115,65,삼성화재,금융.보험,296013,-12.842809364548502,-0.1341931834952645,-0.1057420090930177,저신호(애매),-0.0284511744022467,타이밍,타이밍,타이밍-타이밍,타이밍형,우상향,타이밍형,타이밍,타이밍,타이밍-타이밍,0.5857,False
000880,141.5368639667705,-29.595588235294112,0.6242474838738024,0.0024875661219057,0.2236759273341176,0.3546511627906977,0.4188034188034188,0.7818181818181819,-8.708220782473886,117,55,한화,지주,82917,-36.30147630147631,0.0829532682726597,0.6530211056209879,혼합형,-0.5700678373483282,타이밍,홀드,홀드-타이밍,타이밍형,우상향,타이밍형,추세,타이밍,추세-타이밍,0.8569,False
000990,354.4980443285528,-31.53232949512843,0.8872089049735711,0.0053550376876455,-0.0256146628936061,0.5544041450777202,0.5838509316770186,0.59375,0.9510894142349846,161,32,DB하이텍,반도체장비,67519,-0.9899068322981376,0.6384420094378672,-0.9160314667011324,홀드형(추세추종),1.5544734761389996,홀드,홀드,홀드-홀드,추세형,우상향,추세형-우상향,추세,추세,추세-추세,0.8806,False
001040,40.38616251005631,-30.30172413793103,0.5898281450351897,0.0014156715786994,-0.0714877592482407,0.4050632911392405,0.4672897196261682,0.7254901960784313,-6.219045537715273,107,51,CJ,지주,50476,-25.82004764522632,-0.1295858696458311,0.3075180094037195,타이밍형(기술분석유효),-0.4371038790495506,타이밍,홀드,홀드-타이밍,타이밍형,우상향,타이밍형,추세,타이밍,추세-타이밍,0.8569,False
001440,225.451418744626,-48.89349930843707,0.8719990857346985,0.0051002557397056,0.0807722416643378,0.5657894736842105,0.5789473684210527,0.5263157894736842,2.4075199643740497,133,19,대한전선,에너지.전송,72419,5.263157894736848,-0.1677290418063483,-0.8127763860084798,저신호(애매),0.6450473442021315,홀드,홀드,홀드-홀드,추세형,우상향,추세형-우상향,추세,추세,추세-추세,0.8946,False
001450,76.8018018018018,-24.742268041237114,0.6795915414715702,0.0012071163428507,-0.0525401051249111,0.4285714285714285,0.5078125,0.825,-4.971822677410054,128,40,현대해상,금융.보험,32224,-31.71875,0.2223097097459601,0.2278255561596753,혼합형,-0.0055158464137152,타이밍,타이밍,타이밍-타이밍,타이밍형,우상향,타이밍형,타이밍,타이밍,타이밍-타이밍,0.5857,False
001720,109.40649496080628,-34.549019607843135,0.7340293649729429,0.0023064877593564,-0.2427200550737656,0.5,0.5220588235294118,0.6363636363636364,-11.539660841329846,136,22,신영증권,금융.증권,27833,-11.430481283422456,-0.0046177578593426,0.2342042788123751,타이밍형(기술분석유효),-0.2388220366717177,타이밍,홀드,홀드-타이밍,추세형,우상향,추세형-우상향,추세,추세,추세-추세,0.8083,False
002380,102.00400801603205,-32.79411764705882,0.8423637224555343,0.0025448205059777,-0.1488533915541144,0.4545454545454545,0.5263157894736842,1.0,-7.973077635025183,152,24,KCC,소재.화학,42148,-47.36842105263158,0.174026458042763,0.5598765811794232,혼합형,-0.3858501231366602,타이밍,타이밍,타이밍-타이밍,추세형,우상향,추세형-우상향,추세,추세,추세-추세,0.774,False
003230,18.041237113402065,-37.30061349693251,0.0262679188054281,-0.0002372734529758,-0.0743368458689957,0.5161290322580645,0.6,0.5978260869565217,0.6450729712001557,125,92,삼양식품,생활.식품,88588,0.2173913043478248,-1.0738177559526014,0.0654900395551842,타이밍형(기술분석유효),-1.1393077955077855,타이밍,타이밍,타이밍-타이밍,타이밍형,우하향,타이밍형,타이밍,타이밍,타이밍-타이밍,0.3894,False
003490,26.9689737470167,-22.625215889464588,0.2318105576774976,0.0003842498103095,-0.5403142251066849,0.5185185185185185,0.4818181818181818,0.3846153846153846,0.3921848312373299,110,52,대한항공,해외.운송,91319,9.720279720279724,-0.3091515962759145,-0.196961547463407,저신호(애매),-0.1121900488125074,타이밍,홀드,홀드-타이밍,타이밍형,우상향,타이밍형,타이밍,타이밍,타이밍-타이밍,0.2774,False
003550,59.90990990990992,-35.76598311218335,0.6993589664599726,0.0015839191963926,-0.0706194254550464,0.4451219512195122,0.5897435897435898,0.8936170212765957,-3.038071342860272,117,47,LG,지주,165788,-30.387343153300595,-0.1599367884323179,0.0388970155400609,타이밍형(기술분석유효),-0.1988338039723788,타이밍,홀드,홀드-타이밍,타이밍형,우상향,타이밍형,추세,타이밍,추세-타이밍,0.8569,False
003670,64.70218969661428,-37.60135135135136,0.7737232843538703,0.0029682829117763,-0.0069371269601916,0.327485380116959,0.4435483870967742,0.9787234042553192,-13.065823895122236,124,47,포스코퓨처엠,에너지.보관,164284,-53.5175017158545,-0.128048441272051,1.129425036636543,타이밍형(기술분석유효),-1.257473477908594,타이밍,타이밍,타이밍-타이밍,추세형,우상향,추세형-우상향,추세,추세,추세-추세,0.7885,False
004020,42.6530612244898,-30.86021505376344,0.4162185786143598,0.0010862070931662,-0.0587782933897949,0.4493670886075949,0.4727272727272727,0.5833333333333334,-1.183821284724812,110,48,현대제철,소재.금속,42903,-11.060606060606066,-0.3519092267412867,-0.1403496618834693,저신호(애매),-0.2115595648578174,타이밍,타이밍,타이밍-타이밍,타이밍형,우상향,타이밍형,타이밍,타이밍,타이밍-타이밍,0.6567,False
004170,339.595192915876,-20.1859229747676,0.8446506716140424,0.0044561801784381,0.0035966746887197,0.5879629629629629,0.6611111111111111,0.7777777777777778,-1.5849633184041645,180,36,신세계,생활.유통,67439,-11.66666666666667,0.9584857670842336,-0.6086412918738114,홀드형(추세추종),1.567127058958045,홀드,홀드,홀드-홀드,추세형,우상향,추세형-우상향,타이밍,추세,타이밍-추세,0.6426,False
004800,241.2429378531073,-38.73188405797101,0.8967263826529457,0.0047440727496029,0.1318859978927904,0.583732057416268,0.648936170212766,1.0,-13.863792743980452,188,21,효성,지주,29614,-35.1063829787234,0.2359844854498919,0.6764217976445973,혼합형,-0.4404373121947054,타이밍,홀드,홀드-타이밍,추세형,우상향,추세형-우상향,추세,추세,추세-추세,0.8569,False
004990,17.47787610619469,-37.43523316062176,0.0192297806757952,0.000159092204406,0.140633494638059,0.374331550802139,0.43,0.6666666666666666,-6.117425157773443,100,87,롯데지주,지주,26560,-23.666666666666664,-1.0876561869012067,0.935690210748,타이밍형(기술분석유효),-2.0233463976492065,타이밍,홀드,홀드-타이밍,타이밍형,우상향,타이밍형,추세,타이밍,추세-타이밍,0.8569,True
005290,102.401372212693,-32.55069370330843,0.8277653430406038,0.0028046385462124,0.0165291495595576,0.4033149171270718,0.4765625,0.7735849056603774,-14.16011903828926,128,53,동진쎄미켐,반도체장비,28237,-29.70224056603774,0.1656730558516453,0.6727776066720312,혼합형,-0.507104550820386,타이밍,홀드,홀드-타이밍,추세형,우상향,추세형-우상향,추세,추세,추세-추세,0.8806,False
005380,218.46799580272824,-33.902077151335305,0.9009358160599124,0.0053141494823748,-0.1232473227872924,0.5594059405940595,0.6032608695652174,0.8888888888888888,-5.892936510606283,184,18,현대차,자동차,1222404,-28.562801932367144,0.3748324375013188,-0.0313906840310117,혼합형,0.4062231215323305,홀드,홀드,홀드-홀드,추세형,우상향,추세형-우상향,추세,추세,추세-추세,0.7938,False
005385,61.10740493662441,-28.77138413685848,0.8633102773964095,0.0026596911683074,-0.1186988253477266,0.5028248587570622,0.5345911949685535,0.7222222222222222,-4.583665139311344,159,18,현대차우,우선주,54735,-18.76310272536688,0.2784838336648669,-0.2747243335756625,홀드형(추세추종),0.5532081672405293,홀드,홀드,홀드-홀드,추세형,우상향,추세형-우상향,추세,추세,추세-추세,0.8633,False
005387,57.92922673656618,-28.12982998454405,0.8524118607756812,0.0025836172732242,-0.151302735294472,0.5116279069767442,0.5496688741721855,0.7619047619047619,-4.584822239718989,151,21,현대차2우B,우선주,82340,-21.22358877325764,0.283088897325129,-0.2130136671985109,홀드형(추세추종),0.4961025645236399,홀드,홀드,홀드-홀드,추세형,우상향,추세형-우상향,추세,추세,추세-추세,0.8633,False
005490,44.72168905950096,-33.08411214953271,0.7324896737274847,0.0018352770958424,0.0602217562431807,0.4044943820224719,0.4672131147540984,0.7321428571428571,-2.5674350485637376,122,56,POSCO홀딩스,에너지.보관,283685,-26.49297423887587,-0.0499437047485346,-0.1113709895082166,저신호(애매),0.0614272847596819,홀드,타이밍,타이밍-홀드,추세형,우상향,추세형-우상향,추세,추세,추세-추세,0.7885,False
005830,62.5,-33.72262773722628,0.5728857534786395,0.0016940713213577,0.189464895244325,0.5,0.5098039215686274,0.5263157894736842,-0.7821311800612296,102,38,DB손해보험,금융.보험,91700,-1.6511867905056763,-0.2358137780083868,-0.541570256064077,저신호(애매),0.3057564780556903,홀드,타이밍,타이밍-홀드,타이밍형,우상향,타이밍형,타이밍,타이밍,타이밍-타이밍,0.5857,False
005850,106.0882800608828,-26.158038147138964,0.874932620930314,0.0034729836527176,-0.2525033379259224,0.4875,0.5138888888888888,0.6875,-1.280141239493349,144,16,에스엘,자동차,30145,-17.361111111111114,0.4481215960458353,-0.5539000331054486,홀드형(추세추종),1.0020216291512838,홀드,홀드,홀드-홀드,추세형,우상향,추세형-우상향,추세,추세,추세-추세,0.7938,False
005930,481.081081081081,-23.30275229357797,0.965622601099538,0.0067500446640382,-0.1635648257167312,0.7575757575757576,0.772020725388601,0.8,4.919229574401984,193,5,삼성전자,반도체,17480373,-2.797927461139904,1.200406385489651,-0.6880124452728836,홀드형(추세추종),1.8884188307625345,홀드,홀드,홀드-홀드,추세형,우상향,추세형-우상향,추세,추세,추세-추세,0.9604,False
005935,341.8356456776948,-23.54124748490945,0.9647546970847628,0.0057580619339252,-0.1450817656075879,0.7336683417085427,0.7435897435897436,0.75,3.4956826043365585,195,4,삼성전자우,우선주,1552588,-0.6410256410256387,0.9884623021520834,-0.8320495230757484,홀드형(추세추종),1.820511825227832,홀드,홀드,홀드-홀드,추세형,우상향,추세형-우상향,추세,추세,추세-추세,0.8633,False
005940,106.84039087947885,-26.53061224489796,0.7893367407399571,0.0028180939936973,0.0104094049066347,0.6102941176470589,0.6102941176470589,,,136,0,NH투자증권,금융.증권,111179,,0.3346146211107093,,홀드형(추세추종),,타이밍,홀드,홀드-타이밍,추세형,우상향,추세형-우상향,추세,추세,추세-추세,0.8083,False
006260,195.03816793893128,-32.91139240506329,0.7440041542267666,0.0037336972424926,0.2178072788860759,0.5294117647058824,0.5439560439560439,0.5909090909090909,-0.0325898533416579,182,22,LS,지주,116532,-4.695304695304703,0.1884917256679542,-0.7386160892328671,홀드형(추세추종),0.9271078149008214,홀드,홀드,홀드-홀드,추세형,우상향,추세형-우상향,추세,추세,추세-추세,0.8569,False
006400,206.25,-30.26685393258427,0.9210973895030736,0.0052730758197575,0.073347116470629,0.517948717948718,0.5629139072847682,0.6136363636363636,-1.4757921897001758,151,44,삼성SDI,에너지.보관,401719,-5.072245635159545,0.5066991967681519,-0.8377993947678607,홀드형(추세추종),1.3444985915360126,홀드,타이밍,타이밍-홀드,추세형,우상향,추세형-우상향,추세,추세,추세-추세,0.7885,False
006800,343.2954738091202,-40.63245823389021,0.8272831937081481,0.0065353347953845,0.0671502556860263,0.5217391304347826,0.5625,0.75,0.5975309521455752,160,24,미래에셋증권,금융.증권,285939,-18.75,0.2362803300921908,-0.5188996523291051,홀드형(추세추종),0.7551799824212959,홀드,홀드,홀드-홀드,추세형,우상향,추세형-우상향,추세,추세,추세-추세,0.8083,False
007660,284.3014128728414,-34.51053283767038,0.7981020977902444,0.0047496666203572,-0.1748087291231282,0.6069868995633187,0.6703910614525139,0.62,1.0691955018558574,179,50,이수페타시스,반도체장비,90440,5.039106145251393,0.3274081875479301,-0.8212273864821006,홀드형(추세추종),1.1486355740300307,홀드,홀드,홀드-홀드,추세형,우상향,추세형-우상향,추세,추세,추세-추세,0.8806,False
007810,1226.7522211253702,-36.2093352192362,0.9577666816334378,0.0104540980488141,-0.1317275493300282,0.7090909090909091,0.7463414634146341,0.8,-17.302892444947958,205,15,코리아써키트,반도체장비,33384,-5.36585365853659,1.222076160626597,0.2629035321456805,혼합형,0.9591726284809166,홀드,홀드,홀드-홀드,추세형,우상향,추세형-우상향,추세,추세,추세-추세,0.8806,False
009150,1356.2446898895496,-22.29367631296892,0.8666996949359981,0.0084724415947744,-0.0287390132775988,0.7542372881355932,0.7705627705627706,1.0,6.539563193698528,231,5,삼성전기,자동차소부장,1348221,-22.943722943722943,1.5949976200815084,-0.0553553501027908,홀드형(추세추종),1.6503529701842992,홀드,홀드,홀드-홀드,추세형,우상향,추세형-우상향,추세,추세,추세-추세,0.7806,False
009420,85.58558558558558,-39.13043478260869,0.8262506775882025,0.003442614341765,-0.2634037582929122,0.5243243243243243,0.6015037593984962,0.6730769230769231,-4.262651884033386,133,52,한올바이오파마,바이오,27688,-7.157316367842692,-0.0881004445415555,-0.4833734088664962,저신호(애매),0.3952729643249407,홀드,타이밍,타이밍-홀드,추세형,우상향,추세형-우상향,타이밍,추세,타이밍-추세,0.5401,False
009540,46.323529411764696,-28.25860271115745,0.4215593552585421,0.0010860131316695,-0.1393250577599841,0.3854166666666667,0.4160583941605839,0.6727272727272727,-6.905714185327449,137,55,HD한국조선해양,조선,265753,-25.66688785666889,-0.2502677595865206,0.5538470552366713,타이밍형(기술분석유효),-0.8041148148231919,타이밍,타이밍,타이밍-타이밍,타이밍형,우상향,타이밍형,타이밍,타이밍,타이밍-타이밍,0.6166,False
009830,23.74581939799332,-40.5982905982906,0.2441653929076152,0.0012991970545722,0.0032877948999226,0.4571428571428571,0.388235294117647,0.4181818181818181,-2.787413698445273,85,55,한화솔루션,에너지.생산,63514,-2.9946524064171087,-0.9205912206432848,0.0198928977455253,타이밍형(기술분석유효),-0.94048411838881,타이밍,홀드,홀드-타이밍,타이밍형,우상향,타이밍형,추세,타이밍,추세-타이밍,0.714,True
010060,363.6785162287481,-34.02061855670103,0.8200026656548631,0.0054328511853627,-0.1668035521029586,0.588957055214724,0.6153846153846154,1.0,-20.71454482742216,156,7,OCI홀딩스,에너지.보관,52930,-38.46153846153846,0.4859037162437478,1.3267601022442113,혼합형,-0.8408563860004634,타이밍,타이밍,타이밍-타이밍,추세형,우상향,추세형-우상향,추세,추세,추세-추세,0.7885,False
010120,446.68304668304665,-34.693877551020414,0.9168104056219202,0.00667097168113,0.1743683573174937,0.6055045871559633,0.6417910447761194,0.8235294117647058,1.3473712491394174,201,17,LS ELECTRIC,에너지.전송,344250,-18.173836698858647,0.6984788757919452,-0.5827521606087992,홀드형(추세추종),1.2812310364007444,홀드,홀드,홀드-홀드,추세형,우상향,추세형-우상향,추세,추세,추세-추세,0.8946,False
010130,50.50125313283209,-45.673758865248224,0.76642954050868,0.0033607782925135,-0.209758603418949,0.3885350318471338,0.3909090909090909,0.6170212765957447,-7.375616166363513,110,47,고려아연,소재.금속,242961,-22.611218568665382,-0.4364937111995744,0.1173635769566173,타이밍형(기술분석유효),-0.5538572881561917,타이밍,타이밍,타이밍-타이밍,추세형,우상향,추세형-우상향,타이밍,추세,타이밍-추세,0.6567,False
010140,84.62594371997254,-26.453488372093027,0.8238318819196472,0.0026706037220617,-0.0608194786928312,0.478021978021978,0.535483870967742,0.8518518518518519,-9.120225358987932,155,27,삼성중공업,조선,222640,-31.636798088410988,0.3459419475913579,0.3531951673789971,혼합형,-0.0072532197876392,타이밍,타이밍,타이밍-타이밍,추세형,우상향,추세형-우상향,타이밍,추세,타이밍-추세,0.6166,False
010170,3252.1126760563384,-43.986254295532646,0.9198642608065852,0.0137496318448722,-0.0642870740004328,0.7324561403508771,0.7324561403508771,,,228,0,대한광통신,반도체장비,26541,,0.9081420671090964,,홀드형(추세추종),,타이밍,홀드,홀드-타이밍,추세형,우상향,추세형-우상향,추세,추세,추세-추세,0.8806,False
010950,114.23076923076924,-25.90233545647559,0.9048310854462912,0.0034582048037034,-0.2977057282969638,0.5705521472392638,0.583941605839416,0.5,1.2401582022621704,137,26,S-Oil,소재.정유,127331,8.394160583941602,0.5043442376507414,-0.9357633656317392,홀드형(추세추종),1.4401076032824809,홀드,홀드,홀드-홀드,추세형,우상향,추세형-우상향,타이밍,추세,타이밍-추세,0.5659,False
011070,642.1203438395415,-32.287581699346404,0.7806475408591125,0.0060714891235396,0.0679673575871094,0.7075471698113207,0.7578947368421053,0.7272727272727273,2.76039057868519,190,22,LG이노텍,자동차소부장,253711,3.0622009569377995,0.904317843418208,-0.6788342609792443,홀드형(추세추종),1.583152104397452,홀드,홀드,홀드-홀드,추세형,우상향,추세형-우상향,추세,추세,추세-추세,0.7806,False
011170,26.865671641791057,-37.71186440677966,0.7057293984375232,0.0014999786665331,-0.1608805832707323,0.382716049382716,0.4477611940298507,0.8928571428571429,-12.499348869693671,134,28,롯데케미칼,소재.화학,32509,-44.50959488272922,-0.2677411077033627,0.9912750140626908,타이밍형(기술분석유효),-1.2590161217660536,타이밍,타이밍,타이밍-타이밍,추세형,우상향,추세형-우상향,추세,추세,추세-추세,0.774,False
011200,9.802847754654987,-29.17148362235067,0.277442697413693,-0.0005035010258709,0.1691276101782897,0.4551282051282051,0.4756097560975609,0.5405405405405406,-1.826478782696761,82,74,HMM,해외.운송,177800,-6.493078444297967,-0.50624974721091,-0.0195648666648847,타이밍형(기술분석유효),-0.4866848805460252,타이밍,홀드,홀드-타이밍,타이밍형,우하향,타이밍형,타이밍,타이밍,타이밍-타이밍,0.2774,False
011780,3.703703703703698,-25.61929595827901,0.4221430389973415,0.0008171297425243,-0.1253028011057383,0.4184782608695652,0.4308943089430894,0.6065573770491803,-4.7854462219498295,123,61,금호석유화학,소재.화학,30113,-17.566306810609095,-0.220349981132215,0.2403841104756491,타이밍형(기술분석유효),-0.460734091607864,타이밍,타이밍,타이밍-타이밍,타이밍형,우상향,타이밍형,추세,타이밍,추세-타이밍,0.774,True
011790,46.19608823866537,-34.71819925337206,0.3707894657307955,0.0010702429775101,0.1123518958906145,0.3463687150837989,0.38,0.6835443037974683,-5.31778538352981,100,79,SKC,반도체장비,69438,-30.35443037974684,-0.5341313944682035,0.5926921854624599,타이밍형(기술분석유효),-1.1268235799306634,타이밍,홀드,홀드-타이밍,타이밍형,우상향,타이밍형,추세,타이밍,추세-타이밍,0.8806,True
012330,126.9158878504673,-28.54442344045368,0.7937661297599828,0.0029013667012574,-0.3088432771986307,0.4782608695652174,0.5190839694656488,0.6226415094339622,-1.471278167444212,131,53,현대모비스,자동차,522620,-10.35575399683134,0.2994687077095868,-0.5822830871194409,홀드형(추세추종),0.8817517948290277,홀드,홀드,홀드-홀드,추세형,우상향,추세형-우상향,추세,추세,추세-추세,0.7938,False
012450,37.35808667065914,-34.547820429407935,0.6497220807922774,0.0019733980781193,0.0285479876083655,0.4381443298969072,0.4557823129251701,0.6170212765957447,-6.820212660359248,147,47,한화에어로스페이스,방산,522853,-16.123896367057462,-0.2096284081400895,0.0877647531496415,타이밍형(기술분석유효),-0.297393161289731,타이밍,타이밍,타이밍-타이밍,타이밍형,우상향,타이밍형,타이밍,타이밍,타이밍-타이밍,0.5186,False
012510,96.39934533551556,-24.113475177304966,0.8655744070669497,0.0027123026272868,0.0664763511842908,0.4367816091954023,0.4550898203592814,1.0,-24.61059190031152,167,7,더존비즈온,IT서비스,34949,-54.49101796407185,0.4935907557177114,1.869966487828868,혼합형,-1.3763757321111565,타이밍,타이밍,타이밍-타이밍,추세형,우상향,추세형-우상향,타이밍,추세,타이밍-추세,0.4655,False
012750,39.68503937007875,-27.52391073326249,0.3272536030565377,0.0006862967669663,0.195378144305857,0.6009389671361502,0.6666666666666666,0.55,2.099397411878756,153,60,에스원,기타,29145,11.66666666666666,-0.3465976049844217,-0.1875804840811846,저신호(애매),-0.1590171209032371,타이밍,홀드,홀드-타이밍,타이밍형,우상향,타이밍형,타이밍,타이밍,타이밍-타이밍,0.3707,False
014680,144.16594641313742,-31.95266272189349,0.8703091852716512,0.0032520826263526,-0.2943114171572418,0.53,0.5988372093023255,0.8571428571428571,-6.665323762166365,172,28,한솔케미칼,소재.화학,33656,-25.83056478405316,0.2976950146412508,0.0065121326369575,혼합형,0.2911828820042933,홀드,타이밍,타이밍-홀드,추세형,우상향,추세형-우상향,추세,추세,추세-추세,0.774,False
015760,46.78362573099415,-47.1281296023564,0.3870229959685975,0.0017087727179031,0.0818979582406629,0.5414634146341464,0.5694444444444444,0.5081967213114754,1.2844614399959875,144,61,한국전력,에너지.생산,230465,6.1247723132969,-0.9430660903122255,-0.3172284717362703,저신호(애매),-0.6258376185759553,타이밍,홀드,홀드-타이밍,타이밍형,우상향,타이밍형,추세,타이밍,추세-타이밍,0.714,True
016360,127.58620689655172,-26.354515050167223,0.8550262330449742,0.0026235466732251,-0.1541369780808678,0.5625,0.6067415730337079,1.0,-5.229545595858786,178,14,삼성증권,금융.증권,99837,-39.32584269662921,0.4489615437497742,0.1883745018608085,혼합형,0.2605870418889657,홀드,홀드,홀드-홀드,추세형,우상향,추세형-우상향,추세,추세,추세-추세,0.8083,False
017670,89.68692449355433,-20.127795527156543,0.6933369325851627,0.0025489798171416,0.1325976057391282,0.5481927710843374,0.6304347826086957,0.4864864864864865,2.8826549875405783,92,74,SK텔레콤,인터넷통신,214790,14.394829612220915,0.4169464940497127,-0.5662821776462145,홀드형(추세추종),0.9832286716959272,홀드,타이밍,타이밍-홀드,타이밍형,우상향,타이밍형,타이밍,타이밍,타이밍-타이밍,0.2907,False
017800,8.119079837618393,-32.945389435989256,0.2828549066804811,0.0006134363175068,0.0300595228146001,0.4142011834319526,0.4811320754716981,0.6825396825396826,-2.8087163666185075,106,63,현대엘리베이터,기계장비,31039,-20.14076070679845,-0.6327539074808861,0.3146511336741922,타이밍형(기술분석유효),-0.9474050411550784,타이밍,타이밍,타이밍-타이밍,타이밍형,우상향,타이밍형,추세,타이밍,추세-타이밍,0.7075,True
018260,84.57943925233644,-37.84530386740331,0.3369819067049226,0.001027069456908,-0.1505911485136664,0.52,0.5446428571428571,0.5079365079365079,0.1712455898993492,112,63,삼성에스디에스,IT서비스,177582,3.670634920634919,-0.6265634159978394,-0.3378366703142956,저신호(애매),-0.2887267456835438,타이밍,타이밍,타이밍-타이밍,타이밍형,우상향,타이밍형,타이밍,타이밍,타이밍-타이밍,0.4655,False
018880,42.03686914475673,-34.44158276750176,0.6220713970283666,0.0017797476707752,0.0416930033815219,0.3167701863354037,0.3877551020408163,0.7777777777777778,-7.209593316892499,98,63,한온시스템,자동차,43411,-39.00226757369615,-0.2320046475025419,0.6012382515775424,타이밍형(기술분석유효),-0.8332428990800843,타이밍,홀드,홀드-타이밍,타이밍형,우상향,타이밍형,추세,타이밍,추세-타이밍,0.7938,False
021240,1.4823261117445918,-37.36749116607774,0.3879513359454229,-0.0008846423015934,-0.0898673752500205,0.5684210526315789,0.5616438356164384,0.4102564102564102,1.775467062541236,73,117,코웨이,생활.가전,65106,15.13874253600282,-0.6704169140580815,-0.2830127856853683,저신호(애매),-0.3874041283727131,타이밍,타이밍,타이밍-타이밍,타이밍형,우하향,타이밍형,타이밍,타이밍,타이밍-타이밍,0.2484,False
022100,13.849287169042768,-40.14002333722287,0.5939615478093873,0.0018765940882848,-0.0128753420699507,0.3103448275862069,0.3297872340425531,0.7254901960784313,-8.972236830403741,94,51,포스코DX,IT서비스,41201,-39.57029620358782,-0.503462788149832,0.7726706028553648,타이밍형(기술분석유효),-1.2761333910051968,타이밍,타이밍,타이밍-타이밍,타이밍형,우상향,타이밍형,타이밍,타이밍,타이밍-타이밍,0.4655,False
023530,188.4955752212389,-22.86401925391095,0.5904091007613955,0.0027212703024996,0.0613707348104146,0.5406976744186046,0.6363636363636364,0.6470588235294118,0.1616409341731239,121,51,롯데쇼핑,생활.유통,57143,-1.0695187165775444,0.3438356891774155,-0.6185346527532304,홀드형(추세추종),0.962370341930646,홀드,홀드,홀드-홀드,타이밍형,우상향,타이밍형,타이밍,타이밍,타이밍-타이밍,0.6426,False
024110,42.11212516297263,-29.772329246935204,0.5948851239993198,0.0011747611927486,0.148146863130992,0.5529411764705883,0.5966386554621849,0.5294117647058824,0.7622951701580671,119,51,기업은행,금융.은행,167061,6.72268907563025,-0.1027600607497398,-0.6018061219039879,저신호(애매),0.499046061154248,홀드,홀드,홀드-홀드,타이밍형,우상향,타이밍형,추세,타이밍,추세-타이밍,0.754,False
028050,147.4012474012474,-30.978260869565226,0.7130111853088424,0.0030542389386859,-0.1084054984455173,0.6,0.6038961038961039,0.4117647058823529,3.984801371339641,154,51,삼성E&A,건설,89278,19.2131398013751,0.1491660719253398,-0.510383159286314,홀드형(추세추종),0.6595492312116538,홀드,홀드,홀드-홀드,추세형,우상향,추세형-우상향,타이밍,추세,타이밍-추세,0.5368,False
028260,252.94117647058823,-29.58333333333333,0.9199846375669024,0.0040440852890291,-0.1951391822079715,0.615,0.6421052631578947,0.8,-8.221469383991487,190,10,삼성물산,지주,664887,-15.789473684210533,0.5969672730748439,-0.1392284745707696,홀드형(추세추종),0.7361957476456135,홀드,홀드,홀드-홀드,추세형,우상향,추세형-우상향,추세,추세,추세-추세,0.8569,False
028300,-18.980667838312822,-37.07482993197279,0.0909450532151211,0.0005079731992124,-0.0111506148952757,0.4519774011299435,0.4074074074074074,0.5104166666666666,-4.15577393762574,81,96,HLB,바이오,63136,-10.300925925925924,-1.0430347275429748,0.444944887501173,타이밍형(기술분석유효),-1.4879796150441478,타이밍,타이밍,타이밍-타이밍,타이밍형,우상향,타이밍형,타이밍,타이밍,타이밍-타이밍,0.5401,False
028670,55.62218890554722,-22.25806451612903,0.7001168541844792,0.0016929178575971,0.0135626005345721,0.4597701149425287,0.4492753623188406,0.4722222222222222,-1.085648815629903,138,36,팬오션,해외.운송,26702,-2.294685990338164,0.3017681817052463,-0.658205023659977,홀드형(추세추종),0.9599732053652232,홀드,홀드,홀드-홀드,추세형,우상향,추세형-우상향,타이밍,추세,타이밍-추세,0.2774,False
029780,22.765196662693675,-32.93768545994066,0.2181717171907931,0.0005490043297872,0.0281487884767029,0.4684210526315789,0.4913793103448275,0.5405405405405406,-1.089772790876481,116,74,삼성카드,금융.카드,54627,-4.916123019571305,-0.6880382801237103,-0.0333186012898315,저신호(애매),-0.6547196788338787,타이밍,타이밍,타이밍-타이밍,타이밍형,우상향,타이밍형,타이밍,타이밍,타이밍-타이밍,0.2182,False
030200,5.791505791505802,-24.673439767779392,0.2907262919329222,0.0005359544225565,-0.0016724568344558,0.5614035087719298,0.5277777777777778,0.3492063492063492,1.0352997181878432,108,63,KT,인터넷통신,151213,17.85714285714286,-0.3407795217482093,-0.2207149084308834,저신호(애매),-0.1200646133173259,타이밍,타이밍,타이밍-타이밍,타이밍형,우상향,타이밍형,타이밍,타이밍,타이밍-타이밍,0.2907,False
031210,30.52039381153304,-33.46774193548387,0.3807040671179635,0.001050015713578,0.1312864044347078,0.4134615384615384,0.3333333333333333,0.5540540540540541,-2.245022695927207,30,74,서울보증보험,금융.보험,31140,-22.072072072072075,-0.5019291995685482,0.1960299080050249,타이밍형(기술분석유효),-0.6979591075735732,타이밍,타이밍,타이밍-타이밍,타이밍형,우상향,타이밍형,타이밍,타이밍,타이밍-타이밍,0.5857,False
031980,342.73255813953483,-26.622902990517872,0.8673903716996759,0.0057698806146213,-0.0656470237585143,0.5634517766497462,0.676923076923077,0.6567164179104478,4.305603742250819,130,67,피에스케이홀딩스,반도체장비,28872,2.020665901262919,0.7675125775566806,-0.6707670185907117,홀드형(추세추종),1.4382795961473924,홀드,홀드,홀드-홀드,추세형,우상향,추세형-우상향,추세,추세,추세-추세,0.8806,False
032640,32.69550748752079,-18.13587871982033,0.5889572739418305,0.0007243505804852,0.0106722258139595,0.4868421052631579,0.5702479338842975,0.8387096774193549,-2.555093655499352,121,31,LG유플러스,인터넷통신,65319,-26.84617435350573,0.2788276468538694,0.0652984023216332,혼합형,0.2135292445322362,홀드,타이밍,타이밍-홀드,타이밍형,우상향,타이밍형,타이밍,타이밍,타이밍-타이밍,0.2907,False
032820,774.1293532338309,-55.63139931740615,0.770666531135455,0.0088422291185597,0.0471453963371538,0.6170212765957447,0.6388888888888888,0.4545454545454545,6.974784736966266,144,44,우리기술,에너지.생산,23201,18.43434343434344,0.2774634733753778,-0.3638243325571721,홀드형(추세추종),0.64128780593255,홀드,홀드,홀드-홀드,추세형,우상향,추세형-우상향,추세,추세,추세-추세,0.714,False
032830,347.2157772621809,-23.958333333333336,0.8772632762443897,0.0042070172740736,-0.1230123346876669,0.6666666666666666,0.7112299465240641,0.8235294117647058,-0.3446423816251043,187,17,삼성생명,금융.보험,730000,-11.229946524064172,0.8778996121096448,-0.7452553143137903,홀드형(추세추종),1.6231549264234353,홀드,타이밍,타이밍-홀드,추세형,우상향,추세형-우상향,타이밍,추세,타이밍-추세,0.5857,False
033780,63.73147340889276,-15.637173066221475,0.8703562657522982,0.0014753745963305,0.0695310866385051,0.6049382716049383,0.6049382716049383,,,162,0,KT&G,생활.식품,192153,,0.7448000760504011,,홀드형(추세추종),,타이밍,타이밍,타이밍-타이밍,추세형,우상향,추세형-우상향,타이밍,추세,타이밍-추세,0.3894,False
034020,221.5889464594128,-37.096774193548384,0.7963652655287748,0.0036866255191918,-0.0088078195592574,0.5591397849462365,0.5670731707317073,0.5,2.029504993941128,164,22,두산에너빌리티,에너지.생산,567537,6.707317073170726,0.1446475659673511,-0.7500866341804416,홀드형(추세추종),0.8947342001477927,홀드,홀드,홀드-홀드,추세형,우상향,추세형-우상향,추세,추세,추세-추세,0.714,False
034220,64.1086186540732,-31.54574132492114,0.4847670320510543,0.0015296094326166,-0.1528000850091521,0.5372340425531915,0.6086956521739131,0.5753424657534246,-0.0866493271251656,115,73,LG디스플레이,자동차소부장,64250,3.3353186420488456,-0.2629229786845761,-0.5195453760955199,저신호(애매),0.2566223974109438,홀드,홀드,홀드-홀드,타이밍형,우상향,타이밍형,추세,타이밍,추세-타이밍,0.7806,True
034730,347.8851963746224,-28.757396449704142,0.8788984697991737,0.004461125537912,-0.0013052352682927,0.6173469387755102,0.6571428571428571,0.7142857142857143,-6.542584673933827,175,21,SK,지주,416891,-5.714285714285716,0.7148864622401753,-0.4104865760350186,홀드형(추세추종),1.125373038275194,홀드,홀드,홀드-홀드,추세형,우상향,추세형-우상향,추세,추세,추세-추세,0.8569,False
035250,-3.0864197530864224,-28.85644768856448,0.1815551248992619,-0.0003406730268307,0.0930740298344419,0.4685990338164251,0.4857142857142857,0.5490196078431373,-0.4552896990322908,105,102,강원랜드,엔터,33375,-6.330532212885159,-0.6280670332072064,-0.0074625759857877,타이밍형(기술분석유효),-0.6206044572214187,타이밍,타이밍,타이밍-타이밍,타이밍형,우하향,타이밍형,타이밍,타이밍,타이밍-타이밍,0.4076,False
035420,23.1920199501247,-34.07917383820999,0.0040176560503456,9.029168989403232e-05,0.0927857341071435,0.3815028901734104,0.3711340206185567,0.5789473684210527,-4.954968481925692,97,76,NAVER,인터넷통신,351397,-20.7813347802496,-0.9813792085876654,0.8130694580169603,타이밍형(기술분석유효),-1.7944486666046258,타이밍,타이밍,타이밍-타이밍,타이밍형,우상향,타이밍형,타이밍,타이밍,타이밍-타이밍,0.2907,False
035720,8.496732026143782,-45.80965909090909,0.0385311003231761,-0.0004106056516885,-0.0288654275749886,0.4388888888888889,0.3684210526315789,0.5284552845528455,-3.676305167736394,57,123,카카오,인터넷통신,173613,-16.003423192126657,-1.3673419221295633,0.5855562191221944,타이밍형(기술분석유효),-1.9528981412517576,타이밍,타이밍,타이밍-타이밍,타이밍형,우하향,타이밍형,타이밍,타이밍,타이밍-타이밍,0.2907,False
036460,-6.8211068211068255,-28.616684266103487,0.2269948812086263,-0.0004188914562917,0.0713120068502543,0.2596685082872928,0.2323232323232323,0.7073170731707317,-5.320005117923055,99,82,한국가스공사,소재.정유,33002,-47.49938408474994,-0.5712134720909882,1.1029137096301471,타이밍형(기술분석유효),-1.6741271817211354,타이밍,홀드,홀드-타이밍,타이밍형,우하향,타이밍형,타이밍,타이밍,타이밍-타이밍,0.5659,False
036570,79.7676008202324,-23.96449704142012,0.675291198907938,0.0015365183443059,-0.2538133926328229,0.4759036144578313,0.5040650406504065,0.6046511627906976,-3.6657877295289465,123,43,NC,엔터,56014,-10.058612214029116,0.248407848597542,-0.2895143781855823,홀드형(추세추종),0.5379222267831243,홀드,타이밍,타이밍-홀드,타이밍형,우상향,타이밍형,타이밍,타이밍,타이밍-타이밍,0.4076,False
036930,587.5,-27.548209366391184,0.5919706797752584,0.0059013060536868,0.3327917950731832,0.6589861751152074,0.7217391304347827,0.4019607843137255,11.576232807782628,115,102,주성엔지니어링,반도체장비,114111,31.97783461210572,0.7644686944538815,0.1795228790754953,혼합형,0.5849458153783862,홀드,홀드,홀드-홀드,타이밍형,우상향,타이밍형,추세,타이밍,추세-타이밍,0.8806,False
039030,430.7892454466609,-30.80279232111692,0.942569002892544,0.0049448881158422,-0.1423865485603194,0.56,0.5773195876288659,1.0,-10.464755662551983,194,6,이오테크닉스,반도체장비,62091,-42.26804123711341,0.840493569925585,0.5191249343851116,혼합형,0.3213686355404733,홀드,홀드,홀드-홀드,추세형,우상향,추세형-우상향,추세,추세,추세-추세,0.8806,False
039490,165.3284671532847,-33.29969727547931,0.8545203426311955,0.0039978013146683,0.1377647065808135,0.576271186440678,0.6052631578947368,0.6,0.252496402739244,152,25,키움증권,금융.증권,89570,0.5263157894736858,0.2631586946062856,-0.9470197920105676,홀드형(추세추종),1.2101784866168532,홀드,홀드,홀드-홀드,추세형,우상향,추세형-우상향,추세,추세,추세-추세,0.8083,False
042660,43.56687898089171,-31.821214142761846,0.575378602546103,0.001875808059576,-0.1193892104356432,0.2647058823529412,0.2564102564102564,0.7169811320754716,-10.440660910735764,117,53,한화오션,조선,320202,-46.05708756652152,-0.1946652112653939,1.0287092865114718,타이밍형(기술분석유효),-1.2233744977768657,타이밍,타이밍,타이밍-타이밍,타이밍형,우상향,타이밍형,타이밍,타이밍,타이밍-타이밍,0.6166,False
042700,374.3758212877792,-38.095238095238095,0.880627271315576,0.0061697388496461,-0.0099986431245578,0.4510869565217391,0.5094339622641509,0.92,-8.8460361187634,159,25,한미반도체,반도체장비,277359,-41.05660377358491,0.432635186094893,0.4523313394366958,혼합형,-0.0196961533418028,타이밍,홀드,홀드-타이밍,추세형,우상향,추세형-우상향,추세,추세,추세-추세,0.8806,False
043260,3626.0383386581466,-37.21804511278195,0.8699530684976514,0.018659789285959,0.2869543911370334,0.7135416666666666,0.7662337662337663,0.5,14.192637218738986,154,38,성호전자,반도체장비,32305,26.623376623376625,1.0828442243241845,0.0373792600917176,혼합형,1.045464964232467,홀드,홀드,홀드-홀드,추세형,우상향,추세형-우상향,추세,추세,추세-추세,0.8806,False
047040,516.361071932299,-45.08748317631225,0.6220469531975165,0.0077556215201017,0.1826721007721696,0.543778801843318,0.6083916083916084,0.581081081081081,6.960458142719461,143,74,대우건설,에너지.생산,84031,2.731052731052741,0.0902387660612479,-0.1882396827172598,홀드형(추세추종),0.2784784487785077,홀드,홀드,홀드-홀드,타이밍형,우상향,타이밍형,추세,타이밍,추세-타이밍,0.714,False
047050,20.3647416413374,-37.22794959908362,0.6567016601732335,0.0018164653646324,-0.0154272475004927,0.5028248587570622,0.5573770491803278,0.6,-0.7349246854861935,122,55,포스코인터내셔널,소재.금속,102211,-4.262295081967215,-0.3187344450335338,-0.5929144404277422,저신호(애매),0.2741799953942084,홀드,타이밍,타이밍-홀드,타이밍형,우상향,타이밍형,타이밍,타이밍,타이밍-타이밍,0.6567,False
047810,70.16908212560386,-38.11881188118812,0.8101959901594874,0.0032945972599307,0.0045330083354286,0.5428571428571428,0.5193798449612403,0.1818181818181818,13.855682491771171,129,11,한국항공우주,방산,138317,33.75616631430586,-0.0946400077866779,0.0841550888760139,타이밍형(기술분석유효),-0.1787950966626918,타이밍,타이밍,타이밍-타이밍,추세형,우상향,추세형-우상향,타이밍,추세,타이밍-추세,0.5186,False
051900,-28.296296296296298,-35.622317596566525,0.8499557678768002,-0.0012195496200273,-0.0390922041324829,0.4242424242424242,0.2162162162162162,0.4435483870967742,-3.95088566089501,74,124,LG생활건강,생활.화장,36470,-22.7332170880558,-0.1043854614079251,-0.2258299442929207,저신호(애매),0.1214444828849956,홀드,타이밍,타이밍-홀드,추세형,우하향,추세형-우하향,타이밍,,,0.565,False
051910,59.72222222222223,-30.870083432657925,0.5534497922995252,0.0020105808506967,-0.0248151493911432,0.4046242774566474,0.4157303370786517,0.5952380952380952,-3.998103912821782,89,84,LG화학,에너지.보관,223425,-17.950775815944354,-0.1643253155436632,0.0353140572165065,타이밍형(기술분석유효),-0.1996393727601697,타이밍,타이밍,타이밍-타이밍,타이밍형,우상향,타이밍형,추세,타이밍,추세-타이밍,0.7885,False
052690,122.5,-40.81108829568788,0.713968043838938,0.0032585792969996,0.1458852588311042,0.4248366013071895,0.4191176470588235,0.5294117647058824,-12.82140547447873,136,17,한전기술,에너지.생산,44488,-11.029411764705888,-0.2259159735633698,0.342308312885089,타이밍형(기술분석유효),-0.5682242864484588,타이밍,홀드,홀드-타이밍,추세형,우상향,추세형-우상향,추세,추세,추세-추세,0.714,False
055550,93.77431906614784,-17.264150943396228,0.916619822437368,0.00229826192698,-0.0990810882322807,0.6046511627906976,0.639751552795031,0.9090909090909092,-5.058585618271572,161,11,신한지주,금융.은행,459940,-26.93393562958781,0.7872507877750542,-0.1422694744892511,홀드형(추세추종),0.9295202622643052,홀드,홀드,홀드-홀드,추세형,우상향,추세형-우상향,추세,추세,추세-추세,0.754,False
056080,167.30506155950752,-60.54704595185996,0.6722130089105951,0.0047022386762348,0.1051030875096936,0.4550898203592814,0.4482758620689655,0.5294117647058824,-3.648706139591479,116,51,유진로봇,로봇,7120,-8.113590263691684,-0.8927077148523098,-0.3255636437351616,저신호(애매),-0.5671440711171483,타이밍,홀드,홀드-타이밍,타이밍형,우상향,타이밍형,추세,타이밍,추세-타이밍,0.8396,False
058470,189.4736842105264,-32.99212598425196,0.8701226030797455,0.0043220176984307,0.0407836296385675,0.536144578313253,0.5734265734265734,0.6956521739130435,-1.5173297245635986,143,23,리노공업,반도체장비,76059,-12.222560048647004,0.3274769098789156,-0.6327790969431722,홀드형(추세추종),0.9602560068220878,홀드,홀드,홀드-홀드,추세형,우상향,추세형-우상향,추세,추세,추세-추세,0.8806,False
058610,278.79999999999995,-44.02277039848197,0.833116079393305,0.0082498868509647,0.0593584302627677,0.5190476190476191,0.5906432748538012,0.7692307692307693,-4.016375692806529,171,39,에스피지,로봇,20270,-17.858749437696808,0.0321189769510847,-0.2975394771195923,홀드형(추세추종),0.3296584540706769,홀드,홀드,홀드-홀드,추세형,우상향,추세형-우상향,추세,추세,추세-추세,0.8396,False
062040,324.77064220183485,-36.1319340329835,0.8247893220519983,0.0043845576146423,-0.0105871994623792,0.4972677595628415,0.5620915032679739,0.8333333333333334,-1.89598383422942,153,30,산일전기,에너지.전송,65212,-27.12418300653595,0.3619629869116525,-0.2568686020593008,홀드형(추세추종),0.6188315889709533,홀드,홀드,홀드-홀드,추세형,우상향,추세형-우상향,추세,추세,추세-추세,0.8946,False
064350,85.82887700534761,-34.94423791821561,0.2794931348972311,0.0011239716027917,0.1270804764023633,0.4051282051282051,0.472,0.7,-6.770048811797658,125,70,현대로템,방산,205624,-22.8,-0.5927566779242014,0.6561998082303496,타이밍형(기술분석유효),-1.248956486154551,타이밍,타이밍,타이밍-타이밍,타이밍형,우상향,타이밍형,타이밍,타이밍,타이밍-타이밍,0.5186,False
064400,76.42585551330798,-43.12114989733059,0.0936377099614182,0.0006229542662912,0.0412552805308125,0.4788732394366197,0.5476190476190477,0.54,1.51770966268443,42,100,LG씨엔에스,IT서비스,90104,0.7619047619047636,-1.11002958133666,0.0482000302918294,타이밍형(기술분석유효),-1.1582296116284896,타이밍,타이밍,타이밍-타이밍,타이밍형,우상향,타이밍형,타이밍,타이밍,타이밍-타이밍,0.4655,False
064760,238.389731621937,-33.715925394548066,0.9064596872913122,0.0047559926627409,-0.0493331574808124,0.5550239234449761,0.5769230769230769,0.5925925925925926,0.404410162428781,182,27,티씨케이,반도체장비,31023,-1.5669515669515688,0.4168285094541217,-0.9668163963455496,홀드형(추세추종),1.3836449057996714,홀드,홀드,홀드-홀드,추세형,우상향,추세형-우상향,추세,추세,추세-추세,0.8806,False
066570,215.8263305322129,-42.92993630573248,0.7262623365414267,0.0036983654081571,-0.0617665972057452,0.5,0.5,0.5,-1.1979210391035722,172,18,LG전자,자동차소부장,368119,0.0,-0.1487333073445144,-0.7265956477790804,저신호(애매),0.577862340434566,홀드,홀드,홀드-홀드,추세형,우상향,추세형-우상향,추세,추세,추세-추세,0.7806,False
066970,106.79012345679013,-41.50234741784038,0.8115934434165717,0.0047333974748054,0.1169578942293314,0.4508670520231214,0.5398230088495575,0.7166666666666667,-6.6930288823011335,113,60,엘앤에프,에너지.보관,51034,-17.68436578171092,-0.1566666556943716,-0.0828760803699734,저신호(애매),-0.0737905753243982,타이밍,타이밍,타이밍-타이밍,추세형,우상향,추세형-우상향,추세,추세,추세-추세,0.7885,False
067310,349.9080882352941,-30.82568807339449,0.9002720076812664,0.0059396212047462,-0.0338963114039042,0.5300546448087432,0.6038961038961039,0.8620689655172413,-7.250212983418914,154,29,하나마이크론,반도체장비,31870,-25.81728616211374,0.6717178899146642,0.0127146035769274,혼합형,0.6590032863377367,홀드,홀드,홀드-홀드,추세형,우상향,추세형-우상향,추세,추세,추세-추세,0.8806,False
068270,11.349973610699893,-35.855130784708244,0.5321395208929507,0.0010443731224766,-0.0683785697508898,0.4554455445544554,0.4710743801652892,0.5679012345679012,-1.3667146502649996,121,81,셀트리온,바이오,368355,-9.6826854402612,-0.4324150418671958,-0.2922104578115123,저신호(애매),-0.1402045840556835,타이밍,타이밍,타이밍-타이밍,타이밍형,우상향,타이밍형,타이밍,타이밍,타이밍-타이밍,0.5401,False
069960,196.48829431438125,-33.00448430493274,0.6425742811902833,0.0018662432092451,0.2173247414571594,0.5123152709359606,0.5616438356164384,0.5964912280701754,-1.001739252496603,146,57,현대백화점,생활.유통,40348,-3.4847392453737025,0.0668473055893276,-0.5723159072763008,홀드형(추세추종),0.6391632128656284,홀드,홀드,홀드-홀드,타이밍형,우상향,타이밍형,타이밍,타이밍,타이밍-타이밍,0.6426,False
071050,189.75903614457832,-30.76923076923077,0.8588298812217211,0.0034456375013839,0.0527422275848605,0.4857142857142857,0.5253164556962026,0.8823529411764706,-9.754022531309992,158,17,한국금융지주,금융.증권,128170,-35.7036485480268,0.3913303124186911,0.4376496684698983,혼합형,-0.0463193560512071,타이밍,홀드,홀드-타이밍,추세형,우상향,추세형-우상향,추세,추세,추세-추세,0.8083,False
078930,87.33850129198966,-21.351351351351354,0.8568643791614012,0.0023944293522926,0.0815808625351132,0.4797687861271676,0.5131578947368421,0.7619047619047619,-1.98008792412957,152,21,GS,지주,66606,-24.87468671679197,0.5655544896378716,-0.3334379509493491,홀드형(추세추종),0.8989924405872207,홀드,홀드,홀드-홀드,추세형,우상향,추세형-우상향,추세,추세,추세-추세,0.8569,False
079550,140.87363494539778,-42.23454833597464,0.3875221051140078,0.0021692766750423,0.0645323162953907,0.5240384615384616,0.5755395683453237,0.5652173913043478,2.0461811967696475,139,69,LIG디펜스앤에어로스페이스,방산,168080,1.0322177040975933,-0.6363297377101765,-0.2630297562745998,저신호(애매),-0.3732999814355767,타이밍,타이밍,타이밍-타이밍,타이밍형,우상향,타이밍형,타이밍,타이밍,타이밍-타이밍,0.5186,False
080220,709.6366508688783,-31.04125736738704,0.859765332739155,0.0070080036613463,-0.0204299677315874,0.4416243654822335,0.5472972972972973,0.8775510204081632,-12.44610281923716,148,49,제주반도체,반도체장비,33410,-33.0253723110866,1.1396990709725083,0.5771994362136968,혼합형,0.5624996347588115,홀드,홀드,홀드-홀드,추세형,우상향,추세형-우상향,추세,추세,추세-추세,0.8806,False
082740,97.79816513761467,-44.02234636871509,0.7540362435095536,0.003191657712792,0.1518126335729709,0.398989898989899,0.4765100671140939,0.8367346938775511,-12.127781713364447,149,49,한화엔진,조선,41807,-36.02246267634572,-0.3252839988979313,0.7392391919495349,타이밍형(기술분석유효),-1.0645231908474662,타이밍,타이밍,타이밍-타이밍,추세형,우상향,추세형-우상향,타이밍,추세,타이밍-추세,0.6166,False
084370,476.7647058823529,-32.07190160832545,0.9152465513768367,0.0059952740584807,0.0484864239180561,0.5625,0.6298701298701299,0.6842105263157895,-2.8964480516529334,154,38,유진테크,반도체장비,40859,-5.434039644565958,0.8310596738708202,-0.721498741525907,홀드형(추세추종),1.5525584153967271,홀드,홀드,홀드-홀드,추세형,우상향,추세형-우상향,추세,추세,추세-추세,0.8806,False
085620,419.2660550458716,-35.23573200992556,0.8705229124085123,0.0044833887839351,0.1272037634703308,0.5828877005347594,0.6352941176470588,0.9411764705882352,-39.130004732454815,170,17,미래에셋생명,금융.보험,39675,-30.58823529411764,0.5848327845798708,2.435621297062524,혼합형,-1.8507885124826533,타이밍,타이밍,타이밍-타이밍,추세형,우상향,추세형-우상향,타이밍,추세,타이밍-추세,0.5857,False
086280,82.89473684210526,-33.90705679862306,0.7727079473185792,0.0028393360635777,-0.2284126944309681,0.5159574468085106,0.5983606557377049,0.6363636363636364,-1.5434102287699036,122,66,현대글로비스,해외.운송,146850,-3.800298062593144,0.0249561397841529,-0.681756891976716,저신호(애매),0.7067130317608689,홀드,홀드,홀드-홀드,추세형,우상향,추세형-우상향,타이밍,추세,타이밍-추세,0.2774,False
086520,126.8627450980392,-43.13513513513514,0.8468734577506724,0.0059018962598798,0.1533045235743612,0.4342105263157895,0.4326923076923077,0.5625,-7.734086810955865,104,48,에코프로,에너지.보관,147724,-12.98076923076923,-0.1419806367376049,-0.1429684758137317,저신호(애매),0.0009878390761268,홀드,타이밍,타이밍-홀드,추세형,우상향,추세형-우상향,추세,추세,추세-추세,0.7885,False
086790,87.59689922480621,-19.649657273419653,0.8395616505051725,0.0020510182169619,0.2071610945540399,0.5096774193548387,0.55,0.8666666666666667,-5.845522608892084,140,15,하나금융지주,금융.은행,314974,-31.666666666666664,0.604205681077858,0.0995381307242707,혼합형,0.5046675503535873,홀드,홀드,홀드-홀드,추세형,우상향,추세형-우상향,추세,추세,추세-추세,0.754,False
087010,40.8450704225352,-44.68911917098446,0.163921712685792,0.0008995060875642,-0.0338822436099707,0.4347826086956521,0.4471544715447154,0.5737704918032787,-8.280406857361156,123,61,펩트론,생활.제약,55379,-12.661602025856329,-1.1325061703613617,0.7016151702124235,타이밍형(기술분석유효),-1.8341213405737853,타이밍,타이밍,타이밍-타이밍,타이밍형,우상향,타이밍형,타이밍,타이밍,타이밍-타이밍,0.6458,False
088350,87.54716981132076,-36.74242424242424,0.5985011366554901,0.0021261842619248,-0.1110665368155957,0.4294117647058823,0.5040650406504065,0.7446808510638298,-2.9139490847885474,123,47,한화생명,금융.보험,41255,-24.06158104134233,-0.2733293726668686,0.024681932596417,타이밍형(기술분석유효),-0.2980113052632855,타이밍,타이밍,타이밍-타이밍,타이밍형,우상향,타이밍형,타이밍,타이밍,타이밍-타이밍,0.5857,False
088980,-3.4031413612565453,-10.100166944908183,0.4141345555041303,-0.0001566820692534,-0.1531762255181876,0.4914285714285714,0.5301204819277109,0.5434782608695652,-0.3591082263299183,83,92,맥쿼리인프라,기타,52346,-1.3357778941854304,0.2963730460720711,-0.3895835013409776,홀드형(추세추종),0.6859565474130487,홀드,홀드,홀드-홀드,타이밍형,우하향,타이밍형,타이밍,타이밍,타이밍-타이밍,0.3707,False
090430,-9.967845659163988,-36.40218049666869,0.0010811824504234,-3.2219147769174986e-05,-0.040140386648472,0.4581005586592179,0.4230769230769231,0.4933333333333333,-0.7422245765337065,104,75,아모레퍼시픽,생활.화장,65395,-7.025641025641022,-1.1134512262650824,0.2413985584427329,타이밍형(기술분석유효),-1.3548497847078154,타이밍,타이밍,타이밍-타이밍,타이밍형,우하향,타이밍형,타이밍,타이밍,타이밍-타이밍,0.565,False
095340,364.1775983854692,-35.46125461254612,0.9193585734105796,0.0067782251751704,0.0264157764116406,0.5698924731182796,0.5988023952095808,0.6842105263157895,-10.296356073429646,167,19,ISC,반도체장비,40380,-8.54081311062087,0.5548908705691705,-0.1326352963815937,홀드형(추세추종),0.6875261669507642,홀드,홀드,홀드-홀드,추세형,우상향,추세형-우상향,추세,추세,추세-추세,0.8806,False
095610,804.2183622828784,-28.14526588845655,0.9139636932654472,0.006347761795657,0.0546767844060731,0.5420560747663551,0.6257309941520468,0.7906976744186046,-12.362409529553675,171,43,테스,반도체장비,33028,-16.49666802665578,1.441897761166352,0.1797822561389442,혼합형,1.2621155050274078,홀드,홀드,홀드-홀드,추세형,우상향,추세형-우상향,추세,추세,추세-추세,0.8806,False
096770,12.394067796610164,-31.108144192256336,0.3893506561886198,0.0008989086047221,0.1034816789425946,0.2342857142857143,0.2234042553191489,0.7407407407407407,-10.65909788811351,94,81,SK이노베이션,에너지.보관,174462,-51.73364854215918,-0.4364514364362186,1.3777920923650786,타이밍형(기술분석유효),-1.8142435288012968,타이밍,타이밍,타이밍-타이밍,타이밍형,우상향,타이밍형,추세,타이밍,추세-타이밍,0.7885,True
097950,-16.861924686192463,-29.499072356215216,0.4176923002874994,-0.000604703099542,0.0168059932110162,0.3817204301075269,0.3333333333333333,0.5701754385964912,-3.125376227999449,72,114,CJ제일제당,생활.식품,29311,-23.68421052631579,-0.3897173730860929,0.2472926617431733,타이밍형(기술분석유효),-0.6370100348292662,타이밍,타이밍,타이밍-타이밍,타이밍형,우하향,타이밍형,타이밍,타이밍,타이밍-타이밍,0.3894,False
102110,286.57179510128583,-20.632503040880003,0.9543759457824896,0.0047753359535546,-0.1326815979738477,0.7526315789473684,0.7566137566137566,1.0,1.6462080001122148,189,1,TIGER 200,ETF,107616,-24.33862433862434,0.9962657128574216,-0.4839394154126046,홀드형(추세추종),1.480205128270026,홀드,홀드,홀드-홀드,추세형,우상향,추세형-우상향,추세,추세,추세-추세,0.9544,False
103590,224.6031746031746,-48.50798056904927,0.8946118051330254,0.0049846889135549,0.1349097691582063,0.5495049504950495,0.5738636363636364,0.6153846153846154,-3.580021096426589,176,26,일진전기,에너지.전송,37099,-4.152097902097907,-0.1287617738367895,-0.6731671948777582,저신호(애매),0.5444054210409688,홀드,홀드,홀드-홀드,추세형,우상향,추세형-우상향,추세,추세,추세-추세,0.8946,False
105560,78.7139689578714,-18.424170616113745,0.880153533320269,0.0019011318609235,-0.1586465562151931,0.6180555555555556,0.6180555555555556,,,144,0,KB금융,금융.은행,537352,,0.6818871053757881,,홀드형(추세추종),,타이밍,홀드,홀드-타이밍,추세형,우상향,추세형-우상향,추세,추세,추세-추세,0.754,False
108490,889.4162444157947,-38.70014771048744,0.8451882741006672,0.0077489009016518,-0.1671437265327997,0.5821596244131455,0.5885416666666666,0.4761904761904761,4.64021564811159,192,21,로보티즈,로봇,41992,11.235119047619053,1.0021698158166756,-0.6203134679814408,홀드형(추세추종),1.6224832837981165,홀드,홀드,홀드-홀드,추세형,우상향,추세형-우상향,추세,추세,추세-추세,0.8396,False
111770,75.0791974656811,-24.38775510204082,0.6864666238557534,0.0020509320622763,0.1806093414776294,0.3222222222222222,0.3636363636363636,0.711864406779661,-3.5764011386313244,121,59,영원무역,생활.의류,35804,-34.822804314329744,0.2402301830442647,0.18068813773041,혼합형,0.0595420453138546,홀드,타이밍,타이밍-홀드,타이밍형,우상향,타이밍형,타이밍,타이밍,타이밍-타이밍,0.3528,False
128940,52.78810408921933,-34.34504792332268,0.7542435967205894,0.0027581248536454,0.080834329593969,0.4944444444444444,0.5307692307692308,0.56,-0.5240415752859606,130,50,한미약품,생활.제약,52653,-2.923076923076928,-0.0559492689864065,-0.7504935396606814,저신호(애매),0.6945442706742749,홀드,타이밍,타이밍-홀드,추세형,우상향,추세형-우상향,타이밍,추세,타이밍-추세,0.6458,False
131290,559.7560975609756,-24.139344262295083,0.8491475821264083,0.006502064386815,0.0688584806699116,0.6637931034482759,0.7317073170731707,0.5,7.570123108140203,164,68,티에스이,반도체장비,28760,23.17073170731707,1.1475737238847563,-0.4142651961276383,홀드형(추세추종),1.5618389200123943,홀드,홀드,홀드-홀드,추세형,우상향,추세형-우상향,추세,추세,추세-추세,0.8806,False
131970,591.699604743083,-36.82272488164124,0.9073666860802576,0.0067815336863495,-0.0977085098051213,0.6069651741293532,0.625,0.7777777777777778,-14.62287852730151,192,9,두산테스나,반도체장비,29416,-15.27777777777778,0.824716196415551,0.3261080167442066,혼합형,0.4986081796713444,홀드,홀드,홀드-홀드,추세형,우상향,추세형-우상향,추세,추세,추세-추세,0.8806,False
138040,-12.248186946011286,-29.68536251709987,0.0412760083962868,-0.0001526082771362,-0.0639638858371416,0.2916666666666667,0.2622950819672131,0.6746987951807228,-5.013366035899802,61,83,메리츠금융지주,금융.보험,177388,-41.24037132135098,-0.8367655317250144,1.1777367774260783,타이밍형(기술분석유효),-2.0145023091510925,타이밍,타이밍,타이밍-타이밍,타이밍형,우하향,타이밍형,타이밍,타이밍,타이밍-타이밍,0.5857,False
138930,70.72463768115942,-28.34437086092715,0.7233842643523287,0.0018527939832501,0.1924303371139283,0.5028248587570622,0.5813953488372093,0.7083333333333334,-1.7045958654955171,129,48,BNK금융지주,금융.은행,52197,-12.693798449612403,0.1409616096776896,-0.4356065746344303,홀드형(추세추종),0.5765681843121199,홀드,홀드,홀드-홀드,추세형,우상향,추세형-우상향,추세,추세,추세-추세,0.754,False
139130,72.17898832684826,-24.80369515011548,0.7766846556210861,0.0018763580794979,0.2846387703574536,0.4858757062146893,0.5524475524475524,0.7941176470588235,-3.665930632960401,143,34,iM금융지주,금융.증권,29426,-24.16700946112711,0.3288401294918637,-0.1308891245638027,홀드형(추세추종),0.4597292540556664,홀드,홀드,홀드-홀드,추세형,우상향,추세형-우상향,추세,추세,추세-추세,0.8083,False
141080,23.04761904761905,-45.43325526932084,0.5842242685037408,0.0019366993969809,-0.3267356705863244,0.4759036144578313,0.5185185185185185,0.7096774193548387,-11.33857863788803,135,31,리가켐바이오,바이오,49902,-19.115890083632024,-0.6846633413153316,0.5498054125783645,타이밍형(기술분석유효),-1.234468753893696,타이밍,타이밍,타이밍-타이밍,타이밍형,우상향,타이밍형,타이밍,타이밍,타이밍-타이밍,0.5401,False
145020,-33.10533515731874,-44.845360824742265,0.5649729598820777,-0.0016015436344634,-0.2190447219690141,0.49375,0.3253012048192771,0.3246753246753247,0.4548141337186395,83,77,휴젤,생활.화장,30206,0.0625880143952428,-0.7689427524579457,-0.588377027357569,저신호(애매),-0.1805657251003767,타이밍,타이밍,타이밍-타이밍,타이밍형,우하향,타이밍형,타이밍,타이밍,타이밍-타이밍,0.565,False
161390,73.91304347826086,-31.488801054018445,0.7242995617836745,0.0023303980673671,0.0462934568475578,0.4335260115606936,0.4537037037037037,0.6,-2.798413235677205,108,65,한국타이어앤테크놀로지,자동차,88075,-14.629629629629626,0.0379692410013404,-0.3197173133982979,홀드형(추세추종),0.3576865543996383,홀드,홀드,홀드-홀드,추세형,우상향,추세형-우상향,추세,추세,추세-추세,0.7938,False
175330,56.41476274165203,-36.4,0.6126857144192782,0.0015384624517836,0.1308515339218093,0.4716981132075472,0.4876033057851239,0.5789473684210527,-0.5917755643791267,121,38,JB금융지주,금융.증권,48946,-9.134406263592876,-0.2899453591767496,-0.4545186137744217,저신호(애매),0.1645732545976721,홀드,홀드,홀드-홀드,타이밍형,우상향,타이밍형,추세,타이밍,추세-타이밍,0.8083,False
178320,269.04176904176904,-28.171334431630967,0.7926761925989141,0.0046170289820987,-0.1093191336570173,0.5125,0.5797101449275363,0.9090909090909092,-3.350896326716601,138,22,서진시스템,반도체장비,47406,-32.93807641633729,0.5179321989689752,0.000965030985509,혼합형,0.5169671679834662,홀드,홀드,홀드-홀드,추세형,우상향,추세형-우상향,추세,추세,추세-추세,0.8806,False
180640,50.817610062893095,-39.47976878612717,0.0003844101571838,2.8605460798757663e-05,0.2159593604518426,0.43125,0.4533333333333333,0.5882352941176471,-2.2373671862263467,75,85,한진칼,해외.운송,79047,-13.490196078431376,-1.1322178598893635,0.4776638413792494,타이밍형(기술분석유효),-1.6098817012686129,타이밍,홀드,홀드-타이밍,타이밍형,우상향,타이밍형,타이밍,타이밍,타이밍-타이밍,0.2774,False
196170,-3.988603988603989,-48.211091234347045,0.0514046269487294,-0.0004172438098019,0.0890705654463391,0.375,0.2988505747126437,0.5567010309278351,-5.9983367288119815,87,97,알테오젠,바이오,185945,-25.78504562151914,-1.4532463952847792,0.9307964477453676,타이밍형(기술분석유효),-2.384042843030147,타이밍,타이밍,타이밍-타이밍,타이밍형,우하향,타이밍형,타이밍,타이밍,타이밍-타이밍,0.5401,False
204320,74.496644295302,-33.05322128851541,0.7193416531861645,0.0026588555286238,-0.2498671835731697,0.5227272727272727,0.625,0.65625,-0.064232472536152,112,64,HL만도,자동차,23479,-3.125,-0.0211640157554672,-0.7380972951223571,저신호(애매),0.7169332793668899,홀드,홀드,홀드-홀드,추세형,우상향,추세형-우상향,추세,추세,추세-추세,0.7938,False
207940,-16.358528039269505,-36.74300254452925,0.0142268277762569,0.0001450904430144,-0.0096857443217984,0.4275862068965517,0.1967213114754098,0.3809523809523809,-1.0789062495649926,61,84,삼성바이오로직스,바이오,595302,-18.423106947697107,-1.1189148652357783,0.4754721124329377,타이밍형(기술분석유효),-1.594386977668716,타이밍,타이밍,타이밍-타이밍,타이밍형,우상향,타이밍형,타이밍,타이밍,타이밍-타이밍,0.5401,False
214150,-31.64852255054432,-44.44444444444444,0.1088068968644435,-0.0004502078220834,0.0203134528508003,0.4574468085106383,0.2891566265060241,0.4,-3.998400768662802,83,105,클래시스,생활.가전,30563,-11.084337349397591,-1.2950549664626905,0.4278965791238203,타이밍형(기술분석유효),-1.7229515455865108,타이밍,타이밍,타이밍-타이밍,타이밍형,우하향,타이밍형,타이밍,타이밍,타이밍-타이밍,0.2484,False
214370,213.62683438155136,-54.563624250499664,0.7900295114829874,0.0048672915458248,0.1522745599028526,0.3694267515923566,0.4076923076923077,0.8148148148148148,-8.003745959069331,130,27,케어젠,바이오,44046,-40.71225071225071,-0.4783977471334523,0.4925952956169917,타이밍형(기술분석유효),-0.970993042750444,타이밍,타이밍,타이밍-타이밍,추세형,우상향,추세형-우상향,타이밍,추세,타이밍-추세,0.5401,False
214450,-23.240371845949536,-63.57243319268635,0.5481165561238387,-0.0024955338096399,-0.0390969768019699,0.5648535564853556,0.4918032786885246,0.358974358974359,2.602061842926534,122,117,파마리서치,바이오,29974,13.28289197141656,-1.422116846356941,-0.4138900614810074,저신호(애매),-1.0082267848759336,타이밍,타이밍,타이밍-타이밍,타이밍형,우하향,타이밍형,타이밍,타이밍,타이밍-타이밍,0.5401,False
222800,726.5565438373571,-35.15151515151516,0.8705652174877467,0.0064689924347094,-0.1213427779677997,0.5825242718446602,0.6626506024096386,0.75,1.36981813170598,166,40,심텍,반도체장비,49939,-8.734939759036141,1.0350448213632415,-0.7129118403557818,홀드형(추세추종),1.7479566617190234,홀드,홀드,홀드-홀드,추세형,우상향,추세형-우상향,추세,추세,추세-추세,0.8806,False
237690,54.43037974683544,-35.09187907528156,0.8356119301909721,0.0028679213145405,-0.201130777366178,0.531578947368421,0.5082872928176796,0.0,10.206840507806358,181,9,에스티팜,생활.제약,25701,50.82872928176796,0.017314599527345,-0.2085160992026431,저신호(애매),0.2258306987299881,홀드,타이밍,타이밍-홀드,추세형,우상향,추세형-우상향,타이밍,추세,타이밍-추세,0.6458,False
240810,707.488986784141,-30.86158192090396,0.9483650003837888,0.0074795706899903,-0.0161940979366931,0.6994818652849741,0.7222222222222222,0.6153846153846154,-4.25162620949574,180,13,원익IPS,반도체장비,69208,10.68376068376068,1.2480748891709443,-0.7708776127860014,홀드형(추세추종),2.018952501956946,홀드,홀드,홀드-홀드,추세형,우상향,추세형-우상향,추세,추세,추세-추세,0.8806,False
241560,32.04081632653062,-20.746268656716417,0.707489962995813,0.0011731231110206,-0.0089121642466066,0.3333333333333333,0.417391304347826,0.86,-3.390001101858509,115,50,두산밥캣,기계장비,61731,-44.2608695652174,0.3284796667794367,0.3290108375440962,혼합형,-0.0005311707646595,홀드,타이밍,타이밍-홀드,추세형,우상향,추세형-우상향,추세,추세,추세-추세,0.7075,False
247540,67.48768472906403,-35.081300813008134,0.8515463516854368,0.0034110372724503,-0.0816316869532533,0.3333333333333333,0.3709677419354839,0.78125,-12.28278087987838,124,32,에코프로비엠,에너지.보관,160735,-41.028225806451616,0.0556207762927147,0.7335399518322981,혼합형,-0.6779191755395835,타이밍,타이밍,타이밍-타이밍,추세형,우상향,추세형-우상향,추세,추세,추세-추세,0.7885,False
251270,-5.033557046979864,-41.17647058823529,0.4015974617662384,-0.0009181180418621,0.0902146118660554,0.5748792270531401,0.5445544554455446,0.3867924528301887,2.38558309687254,101,106,넷마블,엔터,35273,15.776200261535587,-0.795381784223005,-0.2553427252231359,저신호(애매),-0.5400390589998691,타이밍,타이밍,타이밍-타이밍,타이밍형,우하향,타이밍형,타이밍,타이밍,타이밍-타이밍,0.4076,False
259960,-36.20457604306864,-45.33678756476684,0.7368037575623969,-0.0018132312736062,-0.2125534856155003,0.6100917431192661,0.3898305084745763,0.3081761006289308,1.0608430462752727,59,159,크래프톤,엔터,107499,8.165440784564549,-0.5862462510252625,-0.7489830273438187,저신호(애매),0.1627367763185562,홀드,타이밍,타이밍-홀드,추세형,우하향,추세형-우하향,타이밍,,,0.4076,False
263750,16.078984485190407,-46.52777777777778,0.4135293412563776,0.0016250447392965,-0.3753415277948314,0.4564102564102564,0.5174825174825175,0.7115384615384616,-3.482062431070121,143,52,펄어비스,엔터,26374,-19.405594405594407,-0.9354986377646698,0.193252522893622,타이밍형(기술분석유효),-1.1287511606582918,타이밍,타이밍,타이밍-타이밍,타이밍형,우상향,타이밍형,타이밍,타이밍,타이밍-타이밍,0.4076,False
267250,210.0381194409149,-22.383252818035427,0.8886078867989651,0.0042902505445363,0.1507045135422674,0.515,0.5659340659340659,1.0,-14.667369723290768,182,18,HD현대,지주,193928,-43.40659340659341,0.7461836413888182,0.9080762856203148,혼합형,-0.1618926442314966,타이밍,홀드,홀드-타이밍,추세형,우상향,추세형-우상향,추세,추세,추세-추세,0.8569,False
267260,267.479674796748,-37.394366197183096,0.9071732023626896,0.0045210864329381,0.1674711421472005,0.5454545454545454,0.5714285714285714,1.0,-17.46491091880581,168,8,HD현대일렉트릭,에너지.전송,372367,-42.85714285714286,0.3328313167432032,1.0763760222421428,혼합형,-0.7435447054989396,타이밍,홀드,홀드-타이밍,추세형,우상향,추세형-우상향,추세,추세,추세-추세,0.8946,False
267270,110.6351550960118,-32.963149924280664,0.8720465747452036,0.0033128025816419,-0.0453874013850385,0.4451612903225806,0.5,0.9473684210526316,-4.485386805565483,136,19,HD건설기계,기계장비,68576,-44.736842105263165,0.216018612252871,0.2216657820139257,혼합형,-0.0056471697610546,타이밍,타이밍,타이밍-타이밍,추세형,우상향,추세형-우상향,추세,추세,추세-추세,0.7075,False
271560,9.983766233766245,-21.74940898345153,0.3610953320712416,0.0008256710662177,0.1298168963271671,0.4567901234567901,0.4526315789473684,0.5373134328358209,-1.4234594293149885,95,67,오리온,생활.식품,54599,-8.468185388845251,-0.1499530828170487,-0.1088913544937129,저신호(애매),-0.0410617283233357,타이밍,타이밍,타이밍-타이밍,타이밍형,우상향,타이밍형,타이밍,타이밍,타이밍-타이밍,0.3894,False
272210,146.15384615384616,-46.83466502765826,0.6730367740650641,0.0041236053374065,-0.1053406380547491,0.5084745762711864,0.5702479338842975,0.6071428571428571,-1.036162674392127,121,56,한화시스템,방산,167383,-3.689492325855959,-0.4483992326704915,-0.6019898579042692,저신호(애매),0.1535906252337777,홀드,타이밍,타이밍-홀드,타이밍형,우상향,타이밍형,타이밍,타이밍,타이밍-타이밍,0.5186,False
277810,130.68391866913123,-40.79545454545455,0.8547610478988813,0.0046695472104784,-0.1433856427972665,0.5,0.5957446808510638,0.7872340425531915,-0.456647737251914,141,47,레인보우로보틱스,로봇,117369,-19.14893617021277,-0.0461497224626163,-0.5537953139763032,저신호(애매),0.5076455915136869,홀드,홀드,홀드-홀드,추세형,우상향,추세형-우상향,추세,추세,추세-추세,0.8396,False
278470,423.2403718459496,-23.550724637681164,0.8819679146030605,0.0046162533945026,-0.0175514742073245,0.6359447004608295,0.6732673267326733,0.8666666666666667,-4.522307505790069,202,15,에이피알,생활.화장,153684,-19.33993399339933,1.0082347774376208,-0.2898985719718585,홀드형(추세추종),1.298133349409479,홀드,타이밍,타이밍-홀드,추세형,우상향,추세형-우상향,타이밍,추세,타이밍-추세,0.565,False
298040,589.6833503575077,-30.536839817430995,0.9317826428658408,0.0067914756425146,0.1423224436716427,0.6343612334801763,0.6697674418604651,1.0,-16.44088495760483,215,12,효성중공업,에너지.전송,302675,-33.02325581395349,1.06813532856904,0.7789259946334349,혼합형,0.2892093339356051,홀드,홀드,홀드-홀드,추세형,우상향,추세형-우상향,추세,추세,추세-추세,0.8946,False
298380,39.7239263803681,-63.91038696537679,0.5254643415569339,0.0038112400409862,0.1192558348527469,0.6062176165803109,0.5448275862068965,0.2083333333333333,9.446879689659475,145,48,에이비엘바이오,바이오,52124,33.64942528735633,-1.369078846847123,0.1053889623451162,타이밍형(기술분석유효),-1.4744678091922394,타이밍,타이밍,타이밍-타이밍,타이밍형,우상향,타이밍형,타이밍,타이밍,타이밍-타이밍,0.5401,False
302440,-1.0101010101010055,-37.85357737104825,0.0492135898611246,-0.0002587165445302,-0.0253981589563332,0.4528301886792453,0.4186046511627907,0.5068493150684932,-0.9602240435825248,86,73,SK바이오사이언스,바이오,30873,-8.824466390570246,-1.093397383617211,0.2354668543468509,타이밍형(기술분석유효),-1.328864237964062,타이밍,타이밍,타이밍-타이밍,타이밍형,우하향,타이밍형,타이밍,타이밍,타이밍-타이밍,0.5401,False
307950,455.1948051948052,-29.009900990099013,0.858528181380706,0.0064463357175882,-0.2286468873892661,0.4656084656084656,0.55,1.0,-11.635468034633368,160,29,현대오토에버,자동차소부장,194710,-44.99999999999999,0.8381336534625436,0.7572546526186034,혼합형,0.0808790008439402,홀드,홀드,홀드-홀드,추세형,우상향,추세형-우상향,추세,추세,추세-추세,0.7806,False
310210,102.4058577405858,-50.20632737276478,0.837221367969778,0.0045031497157772,-0.1719892961566219,0.5274725274725275,0.5950413223140496,0.6065573770491803,0.5960286908487156,121,61,보로노이,바이오,38092,-1.1516054735130732,-0.433537993022403,-0.8789689706492183,저신호(애매),0.4454309776268153,홀드,타이밍,타이밍-홀드,추세형,우상향,추세형-우상향,타이밍,추세,타이밍-추세,0.5401,False
316140,75.88932806324111,-29.289215686274503,0.7845617219904226,0.0020897967332202,0.1824368087554244,0.6424242424242425,0.6363636363636364,0.2727272727272727,5.480701613876149,154,11,우리금융지주,금융.은행,221324,36.36363636363637,0.188511522596359,-0.4878090012353182,홀드형(추세추종),0.6763205238316772,홀드,홀드,홀드-홀드,추세형,우상향,추세형-우상향,추세,추세,추세-추세,0.754,False
319400,770.9677419354838,-48.54368932038835,0.9117608373443375,0.0100964316852614,-0.0767069613303787,0.3657142857142857,0.4405594405594406,0.96875,-20.7532136331979,143,32,현대무벡스,로봇,45441,-52.81905594405594,0.685596350976371,1.5045352581568805,혼합형,-0.8189389071805095,타이밍,홀드,홀드-타이밍,추세형,우상향,추세형-우상향,추세,추세,추세-추세,0.8396,False
319660,854.4943820224719,-26.75,0.9324925645611056,0.0074650695052888,0.0852305016225676,0.6622222222222223,0.72,0.76,-0.5019646777637443,200,25,피에스케이,반도체장비,43392,-4.000000000000004,1.5191037083888286,-0.9426025720317424,홀드형(추세추종),2.4617062804205707,홀드,홀드,홀드-홀드,추세형,우상향,추세형-우상향,추세,추세,추세-추세,0.8806,False
323410,6.502242152466375,-43.10810810810811,0.128117750198264,-0.0004949637122036,-0.2272887652027138,0.5828877005347594,0.5428571428571428,0.3846153846153846,2.375158689527468,70,117,카카오뱅크,금융.은행,111646,15.824175824175825,-1.1703748016153772,0.0689027696806624,타이밍형(기술분석유효),-1.2392775712960395,타이밍,홀드,홀드-타이밍,타이밍형,우하향,타이밍형,추세,타이밍,추세-타이밍,0.754,True
326030,-17.464788732394364,-41.43567874911158,0.0289920708661044,0.0002658299789978,-0.0331537011445067,0.5113636363636364,0.4772727272727273,0.4204545454545454,0.4664375742878202,88,88,SK바이오팜,바이오,69307,5.681818181818188,-1.2652306863383995,0.0494031780319366,타이밍형(기술분석유효),-1.314633864370336,타이밍,타이밍,타이밍-타이밍,타이밍형,우상향,타이밍형,타이밍,타이밍,타이밍-타이밍,0.5401,False
329180,61.69154228855722,-32.25308641975309,0.657855982050034,0.0016590448533773,-0.108168304860261,0.3970588235294117,0.4838709677419355,0.8775510204081632,-14.917890403083478,155,49,HD현대중공업,조선,678050,-39.36800526662277,-0.0852039758549911,1.1204196920192762,타이밍형(기술분석유효),-1.2056236678742671,타이밍,타이밍,타이밍-타이밍,타이밍형,우상향,타이밍형,타이밍,타이밍,타이밍-타이밍,0.6166,False
336260,379.0301441677588,-35.30751708428246,0.8032333426187827,0.0048047639804365,-0.0955920058564941,0.5336538461538461,0.5729166666666666,0.9375,-16.125971280530592,192,16,두산퓨얼셀,에너지.보관,46173,-36.458333333333336,0.4438239244393089,0.9769944774377376,혼합형,-0.5331705529984287,타이밍,타이밍,타이밍-타이밍,추세형,우상향,추세형-우상향,추세,추세,추세-추세,0.7885,False
347850,418.7952092968102,-46.54545454545455,0.7279530594085627,0.0055324784272434,-0.1278215895611548,0.6069651741293532,0.6438356164383562,0.4909090909090909,6.97757745889378,146,55,디앤디파마텍,바이오,41351,15.292652552926528,0.0236807158046163,-0.3128639987714864,저신호(애매),0.3365447145761027,홀드,타이밍,타이밍-홀드,추세형,우상향,추세형-우상향,타이밍,추세,타이밍-추세,0.5401,False
348340,98.79518072289156,-62.32539030402629,0.6875796089104148,0.0052979796999139,0.1044573552505426,0.463855421686747,0.4807692307692308,0.5645161290322581,-2.257905526464482,104,62,뉴로메카,로봇,5690,-8.374689826302733,-1.0356474799623585,-0.4387022375727659,저신호(애매),-0.5969452423895927,타이밍,홀드,홀드-타이밍,타이밍형,우상향,타이밍형,추세,타이밍,추세-타이밍,0.8396,False
352820,-15.73033707865169,-51.19901112484549,0.0017081978805084,-7.454085710606267e-05,0.0128879405192202,0.6149425287356322,0.5242718446601942,0.2394366197183098,4.702979080307745,103,71,하이브,엔터,93963,28.48352249418844,-1.6327030882852942,0.3865684239559426,타이밍형(기술분석유효),-2.019271512241237,타이밍,타이밍,타이밍-타이밍,타이밍형,우하향,타이밍형,타이밍,타이밍,타이밍-타이밍,0.4076,False
353200,1083.3810888252149,-26.820324777370352,0.9686411174866468,0.0088086142542349,-0.219595779748867,0.7649769585253456,0.8137254901960784,1.0,-3.372843138873049,204,13,대덕전자,반도체장비,77486,-18.62745098039216,1.5596300738500808,-0.4896766131642576,홀드형(추세추종),2.0493066870143384,홀드,홀드,홀드-홀드,추세형,우상향,추세형-우상향,추세,추세,추세-추세,0.8806,False
357780,153.73563218390808,-35.32934131736527,0.8687837253417015,0.0039656502034259,-0.0682878491718955,0.3977272727272727,0.4958677685950413,0.8181818181818182,-7.1261682242990565,121,55,솔브레인,반도체장비,27614,-32.23140495867769,0.193059699944034,0.1681028397827855,혼합형,0.0249568601612484,홀드,홀드,홀드-홀드,추세형,우상향,추세형-우상향,추세,추세,추세-추세,0.8806,False
373220,23.26656394453004,-32.39299610894941,0.48105391446049,0.0013034941944941,-0.0755373641317281,0.3625,0.4166666666666667,0.6973684210526315,-5.246272254899442,84,76,LG에너지솔루션,에너지.보관,899730,-28.070175438596483,-0.3560740125758195,0.4113233814181188,타이밍형(기술분석유효),-0.7673973939939382,타이밍,타이밍,타이밍-타이밍,타이밍형,우상향,타이밍형,추세,타이밍,추세-타이밍,0.7885,True
375500,70.08055235903336,-34.14634146341463,0.3606826895390854,0.0020513762292874,0.171880829802243,0.5024390243902439,0.5294117647058824,0.5507246376811594,0.1500723681799765,136,69,DL이앤씨,건설,27163,-2.1312872975277064,-0.4916066923964564,-0.3253615222905924,저신호(애매),-0.1662451701058639,타이밍,홀드,홀드-타이밍,타이밍형,우상향,타이밍형,타이밍,타이밍,타이밍-타이밍,0.5368,False
377300,41.0742496050553,-55.223880597014926,0.0044496257390364,0.0001838219072459,0.011190033307478,0.490566037735849,0.4193548387096774,0.4639175257731959,-1.9894468557486835,62,97,카카오페이,금융.은행,60595,-4.456268706351851,-1.6859307256624607,0.2762803093134973,타이밍형(기술분석유효),-1.962211034975958,타이밍,홀드,홀드-타이밍,타이밍형,우상향,타이밍형,추세,타이밍,추세-타이밍,0.754,True
383220,21.671388101983013,-28.05320435308344,0.0190407431925712,-0.0001563296254876,0.0035543212112805,0.369047619047619,0.4777777777777778,0.7307692307692307,-3.815090155253525,90,78,F&F,생활.의류,31871,-25.29914529914529,-0.7573876771255321,0.8025993585811882,타이밍형(기술분석유효),-1.5599870357067205,타이밍,타이밍,타이밍-타이밍,타이밍형,우하향,타이밍형,타이밍,타이밍,타이밍-타이밍,0.3528,False
402340,1427.55905511811,-31.2960235640648,0.9477510035271034,0.0090281592655138,-0.0119057194680081,0.611353711790393,0.69,0.9310344827586208,-6.403761317449142,200,29,SK스퀘어,지주,1620449,-24.10344827586208,1.3800547173226148,-0.1384998606234629,홀드형(추세추종),1.5185545779460776,홀드,홀드,홀드-홀드,추세형,우상향,추세형-우상향,추세,추세,추세-추세,0.8569,False
403870,218.48552338530064,-26.53910149750416,0.8527687037368924,0.0032067302400627,-0.004888754223454,0.4189944134078212,0.4492753623188406,0.6829268292682927,-7.607695893723642,138,41,HPSP,반도체장비,45265,-23.365146694945217,0.5721971511152536,0.0463695728459298,혼합형,0.5258275782693238,홀드,홀드,홀드-홀드,추세형,우상향,추세형-우상향,추세,추세,추세-추세,0.8806,False
440110,851.9321394910461,-35.281690140845065,0.8900788186263752,0.0088792893891834,0.1831308111820632,0.47953216374269,0.5694444444444444,0.2592592592592592,4.311678925215768,144,27,파두,반도체장비,49746,31.018518518518523,1.1737117942402329,-0.6972923109064015,홀드형(추세추종),1.8710041051466344,홀드,홀드,홀드-홀드,추세형,우상향,추세형-우상향,추세,추세,추세-추세,0.8806,False
443060,61.76470588235294,-37.11462450592885,0.0722476466004291,0.0004181664232447,-0.0097084745866159,0.5508021390374331,0.5581395348837209,0.4655172413793103,2.18063302696006,129,58,HD현대마린솔루션,조선,110066,9.262229350441064,-0.949108207950374,0.1213046038439225,타이밍형(기술분석유효),-1.0704128117942964,타이밍,타이밍,타이밍-타이밍,타이밍형,우상향,타이밍형,타이밍,타이밍,타이밍-타이밍,0.6166,False
450080,0.9009009009008916,-42.30324074074075,0.6101288407811517,0.0016793745294398,-0.0059747612726382,0.3397435897435897,0.3535353535353535,0.6842105263157895,-11.213155847523549,99,57,에코프로머티,에너지.보관,37262,-33.0675172780436,-0.5778905703708447,0.7860059015903228,타이밍형(기술분석유효),-1.3638964719611677,타이밍,타이밍,타이밍-타이밍,타이밍형,우상향,타이밍형,추세,타이밍,추세-타이밍,0.7885,False
454910,119.04761904761908,-36.052789442111575,0.8395769745558017,0.0030975779969693,-0.1869813845671477,0.5069444444444444,0.5488721804511278,1.0,-11.723027375201278,133,11,두산로보틱스,로봇,70848,-45.11278195488722,0.0828504471412948,0.7883051915460367,혼합형,-0.7054547444047419,타이밍,홀드,홀드-타이밍,추세형,우상향,추세형-우상향,추세,추세,추세-추세,0.8396,False
483650,75.9309718437784,-49.3945720250522,0.0198189898140297,0.0003261544871029,0.0180971227991251,0.5234375,0.4230769230769231,0.4078947368421052,1.5171203515164489,52,76,달바글로벌,생활.화장,26310,1.5182186234817874,-1.415381475940942,0.1358816616725051,타이밍형(기술분석유효),-1.5512631376134471,타이밍,타이밍,타이밍-타이밍,타이밍형,우상향,타이밍형,타이밍,타이밍,타이밍-타이밍,0.565,False
489790,25.08305647840532,-48.124098124098126,0.2628823568484739,0.0013612985952037,-0.0217462796473111,0.4437086092715231,0.4318181818181818,0.5396825396825397,-5.00529680220288,88,63,한화비전,방산,35493,-10.786435786435783,-1.1566118412020547,0.3113321635454918,타이밍형(기술분석유효),-1.4679440047475465,타이밍,타이밍,타이밍-타이밍,타이밍형,우상향,타이밍형,타이밍,타이밍,타이밍-타이밍,0.5186,False
950160,169.29133858267718,-35.6628242074928,0.8842122898937105,0.0050937489251426,-0.1452531144742046,0.3525641025641026,0.4,0.8055555555555556,-10.251930116151502,120,36,코오롱티슈진,바이오,87278,-40.55555555555556,0.2225049269157152,0.5392871429781506,혼합형,-0.3167822160624354,타이밍,타이밍,타이밍-타이밍,추세형,우상향,추세형-우상향,타이밍,추세,타이밍-추세,0.5401,False
